years,normal,overweight,obesity_g1,obesity_g2,obesity_g3
1988-1994,0.383603239,0.412955466,0.150809717,0.035425101,0.017206478
1999-2002,0.32416503,0.406679764,0.178781925,0.057956778,0.032416503
2003-2006,0.304725169,0.382835101,0.210221794,0.068466731,0.033751205
2007-2010,0.289039767,0.382153249,0.216294859,0.071774976,0.040737148
2011-2014,0.283611384,0.377821394,0.215897939,0.074582924,0.048086359