years,normal,overweight,obesity_g1,obesity_g2,obesity_g3
1988-1994,0.466804979,0.268672199,0.152489627,0.070539419,0.041493776
1999-2002,0.366906475,0.291880781,0.180883864,0.094552929,0.065775951
2003-2006,0.373210634,0.275051125,0.183026585,0.095092025,0.073619632
2007-2010,0.345286885,0.290983607,0.180327869,0.105532787,0.077868852
2011-2014,0.323799796,0.287027579,0.197139939,0.101123596,0.090909091